dexNo,,de,fr,ja,ko,zh-rTW,zh-rCN
1,Bulbasaur,Bisasam,Bulbizarre,フシギダネ,이상해씨,妙蛙種子,妙蛙种子
2,Ivysaur,Bisaknosp,Herbizarre,フシギソウ,이상해풀,妙蛙草,妙蛙草
3,Venusaur,Bisaflor,Florizarre,フシギバナ,이상해꽃,妙蛙花,妙蛙花
4,Charmander,Glumanda,Salamèche,ヒトカゲ,파이리,小火龍,小火龙
5,Charmeleon,Glutexo,Reptincel,リザード,리자드,火恐龍,火恐龙
6,Charizard,Glurak,Dracaufeu,リザードン,리자몽,噴火龍,喷火龙
7,Squirtle,Schiggy,Carapuce,ゼニガメ,꼬부기,傑尼龜,杰尼龟
8,Wartortle,Schillok,Carabaffe,カメール,어니부기,卡咪龜,卡咪龟
9,Blastoise,Turtok,Tortank,カメックス,거북왕,水箭龜,水箭龟
10,Caterpie,Raupy,Chenipan,キャタピー,캐터피,綠毛蟲,绿毛虫
11,Metapod,Safcon,Chrysacier,トランセル,단데기,鐵甲蛹,铁甲蛹
12,Butterfree,Smettbo,Papilusion,バタフリー,버터플,巴大蝶,巴大蝶
13,Weedle,Hornliu,Aspicot,ビードル,뿔충이,獨角蟲,独角虫
14,Kakuna,Kokuna,Coconfort,コクーン,딱충이,鐵殼蛹,铁壳蛹
15,Beedrill,Bibor,Dardargnan,スピアー,독침붕,大針蜂,大针蜂
16,Pidgey,Taubsi,Roucool,ポッポ,구구,波波,波波
17,Pidgeotto,Tauboga,Roucoups,ピジョン,피죤,比比鳥,比比鸟
18,Pidgeot,Tauboss,Roucarnage,ピジョット,피죤투,大比鳥,大比鸟
19,Rattata,Rattfratz,Rattata,コラッタ,꼬렛,小拉達,小拉达
20,Raticate,Rattikarl,Rattatac,ラッタ,레트라,拉達,拉达
21,Spearow,Habitak,Piafabec,オニスズメ,깨비참,烈雀,烈雀
22,Fearow,Ibitak,Rapasdepic,オニドリル,깨비드릴조,大嘴雀,大嘴雀
23,Ekans,Rettan,Abo,アーボ,아보,阿柏蛇,阿柏蛇
24,Arbok,Arbok,Arbok,アーボック,아보크,阿柏怪,阿柏怪
25,Pikachu,Pikachu,Pikachu,ピカチュウ,피카츄,皮卡丘,皮卡丘
26,Raichu,Raichu,Raichu,ライチュウ,라이츄,雷丘,雷丘
27,Sandshrew,Sandan,Sabelette,サンド,모래두지,穿山鼠,穿山鼠
28,Sandslash,Sandamer,Sablaireau,サンドパン,고지,穿山王,穿山王
29,Nidoran♀,Nidoran♀,Nidoran♀,ニドラン♀,니드런♀,尼多蘭,尼多兰
30,Nidorina,Nidorina,Nidorina,ニドリーナ,니드리나,尼多娜,尼多娜
31,Nidoqueen,Nidoqueen,Nidoqueen,ニドクイン,니드퀸,尼多后,尼多后
32,Nidoran♂,Nidoran♂,Nidoran♂,ニドラン♂,니드런♂,尼多朗,尼多朗
33,Nidorino,Nidorino,Nidorino,ニドリーノ,니드리노,尼多力諾,尼多力诺
34,Nidoking,Nidoking,Nidoking,ニドキング,니드킹,尼多王,尼多王
35,Clefairy,Piepi,Mélofée,ピッピ,삐삐,皮皮,皮皮
36,Clefable,Pixi,Mélodelfe,ピクシー,픽시,皮可西,皮可西
37,Vulpix,Vulpix,Goupix,ロコン,식스테일,六尾,六尾
38,Ninetales,Vulnona,Feunard,キュウコン,나인테일,九尾,九尾
39,Jigglypuff,Pummeluff,Rondoudou,プリン,푸린,胖丁,胖丁
40,Wigglytuff,Knuddeluff,Grodoudou,プクリン,푸크린,胖可丁,胖可丁
41,Zubat,Zubat,Nosferapti,ズバット,주뱃,超音蝠,超音蝠
42,Golbat,Golbat,Nosferalto,ゴルバット,골뱃,大嘴蝠,大嘴蝠
43,Oddish,Myrapla,Mystherbe,ナゾノクサ,뚜벅쵸,走路草,走路草
44,Gloom,Duflor,Ortide,クサイハナ,냄새꼬,臭臭花,臭臭花
45,Vileplume,Giflor,Rafflesia,ラフレシア,라플레시아,霸王花,霸王花
46,Paras,Paras,Paras,パラス,파라스,派拉斯,派拉斯
47,Parasect,Parasek,Parasect,パラセクト,파라섹트,派拉斯特,派拉斯特
48,Venonat,Bluzuk,Mimitoss,コンパン,콘팡,毛球,毛球
49,Venomoth,Omot,Aéromite,モルフォン,도나리,摩魯蛾,摩鲁蛾
50,Diglett,Digda,Taupiqueur,ディグダ,디그다,地鼠,地鼠
51,Dugtrio,Digdri,Triopikeur,ダグトリオ,닥트리오,三地鼠,三地鼠
52,Meowth,Mauzi,Miaouss,ニャース,나옹,喵喵,喵喵
53,Persian,Snobilikat,Persian,ペルシアン,페르시온,貓老大,猫老大
54,Psyduck,Enton,Psykokwak,コダック,고라파덕,可達鴨,可达鸭
55,Golduck,Entoron,Akwakwak,ゴルダック,골덕,哥達鴨,哥达鸭
56,Mankey,Menki,Férosinge,マンキー,망키,猴怪,猴怪
57,Primeape,Rasaff,Colossinge,オコリザル,성원숭,火爆猴,火爆猴
58,Growlithe,Fukano,Caninos,ガーディ,가디,卡蒂狗,卡蒂狗
59,Arcanine,Arkani,Arcanin,ウインディ,윈디,風速狗,风速狗
60,Poliwag,Quapsel,Ptitard,ニョロモ,발챙이,蚊香蝌蚪,蚊香蝌蚪
61,Poliwhirl,Quaputzi,Têtarte,ニョロゾ,슈륙챙이,蚊香君,蚊香君
62,Poliwrath,Quappo,Tartard,ニョロボン,강챙이,蚊香泳士,蚊香泳士
63,Abra,Abra,Abra,ケーシィ,캐이시,凱西,凯西
64,Kadabra,Kadabra,Kadabra,ユンゲラー,윤겔라,勇基拉,勇基拉
65,Alakazam,Simsala,Alakazam,フーディン,후딘,胡地,胡地
66,Machop,Machollo,Machoc,ワンリキー,알통몬,腕力,腕力
67,Machoke,Maschock,Machopeur,ゴーリキー,근육몬,豪力,豪力
68,Machamp,Machomei,Mackogneur,カイリキー,괴력몬,怪力,怪力
69,Bellsprout,Knofensa,Chétiflor,マダツボミ,모다피,喇叭芽,喇叭芽
70,Weepinbell,Ultrigaria,Boustiflor,ウツドン,우츠동,口呆花,口呆花
71,Victreebel,Sarzenia,Empiflor,ウツボット,우츠보트,大食花,大食花
72,Tentacool,Tentacha,Tentacool,メノクラゲ,왕눈해,瑪瑙水母,玛瑙水母
73,Tentacruel,Tentoxa,Tentacruel,ドククラゲ,독파리,毒刺水母,毒刺水母
74,Geodude,Kleinstein,Racaillou,イシツブテ,꼬마돌,小拳石,小拳石
75,Graveler,Georok,Gravalanch,ゴローン,데구리,隆隆石,隆隆石
76,Golem,Geowaz,Grolem,ゴローニャ,딱구리,隆隆岩,隆隆岩
77,Ponyta,Ponita,Ponyta,ポニータ,포니타,小火馬,小火马
78,Rapidash,Gallopa,Galopa,ギャロップ,날쌩마,烈焰馬,烈焰马
79,Slowpoke,Flegmon,Ramoloss,ヤドン,야돈,呆呆獸,呆呆兽
80,Slowbro,Lahmus,Flagadoss,ヤドラン,야도란,呆殼獸,呆壳兽
81,Magnemite,Magnetilo,Magnéti,コイル,코일,小磁怪,小磁怪
82,Magneton,Magneton,Magnéton,レアコイル,레어코일,三合一磁怪,三合一磁怪
83,Farfetch’d,Porenta,Canarticho,カモネギ,파오리,大蔥鴨,大葱鸭
84,Doduo,Dodu,Doduo,ドードー,두두,嘟嘟,嘟嘟
85,Dodrio,Dodri,Dodrio,ドードリオ,두트리오,嘟嘟利,嘟嘟利
86,Seel,Jurob,Otaria,パウワウ,쥬쥬,小海獅,小海狮
87,Dewgong,Jugong,Lamantine,ジュゴン,쥬레곤,白海獅,白海狮
88,Grimer,Sleima,Tadmorv,ベトベター,질퍽이,臭泥,臭泥
89,Muk,Sleimok,Grotadmorv,ベトベトン,질뻐기,臭臭泥,臭臭泥
90,Shellder,Muschas,Kokiyas,シェルダー,셀러,大舌貝,大舌贝
91,Cloyster,Austos,Crustabri,パルシェン,파르셀,刺甲貝,刺甲贝
92,Gastly,Nebulak,Fantominus,ゴース,고오스,鬼斯,鬼斯
93,Haunter,Alpollo,Spectrum,ゴースト,고우스트,鬼斯通,鬼斯通
94,Gengar,Gengar,Ectoplasma,ゲンガー,팬텀,耿鬼,耿鬼
95,Onix,Onix,Onix,イワーク,롱스톤,大岩蛇,大岩蛇
96,Drowzee,Traumato,Soporifik,スリープ,슬리프,催眠貘,催眠貘
97,Hypno,Hypno,Hypnomade,スリーパー,슬리퍼,引夢貘人,引梦貘人
98,Krabby,Krabby,Krabby,クラブ,크랩,大鉗蟹,大钳蟹
99,Kingler,Kingler,Krabboss,キングラー,킹크랩,巨鉗蟹,巨钳蟹
100,Voltorb,Voltobal,Voltorbe,ビリリダマ,찌리리공,霹靂電球,霹雳电球
101,Electrode,Lektrobal,Électrode,マルマイン,붐볼,頑皮雷彈,顽皮雷弹
102,Exeggcute,Owei,Noeunoeuf,タマタマ,아라리,蛋蛋,蛋蛋
103,Exeggutor,Kokowei,Noadkoko,ナッシー,나시,椰蛋樹,椰蛋树
104,Cubone,Tragosso,Osselait,カラカラ,탕구리,卡拉卡拉,卡拉卡拉
105,Marowak,Knogga,Ossatueur,ガラガラ,텅구리,嘎啦嘎啦,嘎啦嘎啦
106,Hitmonlee,Kicklee,Kicklee,サワムラー,시라소몬,飛腿郎,飞腿郎
107,Hitmonchan,Nockchan,Tygnon,エビワラー,홍수몬,快拳郎,快拳郎
108,Lickitung,Schlurp,Excelangue,ベロリンガ,내루미,大舌頭,大舌头
109,Koffing,Smogon,Smogo,ドガース,또가스,瓦斯彈,瓦斯弹
110,Weezing,Smogmog,Smogogo,マタドガス,또도가스,雙彈瓦斯,双弹瓦斯
111,Rhyhorn,Rihorn,Rhinocorne,サイホーン,뿔카노,獨角犀牛,独角犀牛
112,Rhydon,Rizeros,Rhinoféros,サイドン,코뿌리,鑽角犀獸,钻角犀兽
113,Chansey,Chaneira,Leveinard,ラッキー,럭키,吉利蛋,吉利蛋
114,Tangela,Tangela,Saquedeneu,モンジャラ,덩쿠리,蔓藤怪,蔓藤怪
115,Kangaskhan,Kangama,Kangourex,ガルーラ,캥카,袋獸,袋兽
116,Horsea,Seeper,Hypotrempe,タッツー,쏘드라,墨海馬,墨海马
117,Seadra,Seemon,Hypocéan,シードラ,시드라,海刺龍,海刺龙
118,Goldeen,Goldini,Poissirène,トサキント,콘치,角金魚,角金鱼
119,Seaking,Golking,Poissoroy,アズマオウ,왕콘치,金魚王,金鱼王
120,Staryu,Sterndu,Stari,ヒトデマン,별가사리,海星星,海星星
121,Starmie,Starmie,Staross,スターミー,아쿠스타,寶石海星,宝石海星
122,Mr. Mime,Pantimos,M. Mime,バリヤード,마임맨,魔牆人偶,魔墙人偶
123,Scyther,Sichlor,Insécateur,ストライク,스라크,飛天螳螂,飞天螳螂
124,Jynx,Rossana,Lippoutou,ルージュラ,루주라,迷唇姐,迷唇姐
125,Electabuzz,Elektek,Élektek,エレブー,에레브,電擊獸,电击兽
126,Magmar,Magmar,Magmar,ブーバー,마그마,鴨嘴火獸,鸭嘴火兽
127,Pinsir,Pinsir,Scarabrute,カイロス,쁘사이저,凱羅斯,凯罗斯
128,Tauros,Tauros,Tauros,ケンタロス,켄타로스,肯泰羅,肯泰罗
129,Magikarp,Karpador,Magicarpe,コイキング,잉어킹,鯉魚王,鲤鱼王
130,Gyarados,Garados,Léviator,ギャラドス,갸라도스,暴鯉龍,暴鲤龙
131,Lapras,Lapras,Lokhlass,ラプラス,라프라스,拉普拉斯,拉普拉斯
132,Ditto,Ditto,Métamorph,メタモン,메타몽,百變怪,百变怪
133,Eevee,Evoli,Évoli,イーブイ,이브이,伊布,伊布
134,Vaporeon,Aquana,Aquali,シャワーズ,샤미드,水伊布,水伊布
135,Jolteon,Blitza,Voltali,サンダース,쥬피썬더,雷伊布,雷伊布
136,Flareon,Flamara,Pyroli,ブースター,부스터,火伊布,火伊布
137,Porygon,Porygon,Porygon,ポリゴン,폴리곤,多邊獸,多边兽
138,Omanyte,Amonitas,Amonita,オムナイト,암나이트,菊石獸,菊石兽
139,Omastar,Amoroso,Amonistar,オムスター,암스타,多刺菊石獸,多刺菊石兽
140,Kabuto,Kabuto,Kabuto,カブト,투구,化石盔,化石盔
141,Kabutops,Kabutops,Kabutops,カブトプス,투구푸스,鐮刀盔,镰刀盔
142,Aerodactyl,Aerodactyl,Ptéra,プテラ,프테라,化石翼龍,化石翼龙
143,Snorlax,Relaxo,Ronflex,カビゴン,잠만보,卡比獸,卡比兽
144,Articuno,Arktos,Artikodin,フリーザー,프리져,急凍鳥,急冻鸟
145,Zapdos,Zapdos,Électhor,サンダー,썬더,閃電鳥,闪电鸟
146,Moltres,Lavados,Sulfura,ファイヤー,파이어,火焰鳥,火焰鸟
147,Dratini,Dratini,Minidraco,ミニリュウ,미뇽,迷你龍,迷你龙
148,Dragonair,Dragonir,Draco,ハクリュー,신뇽,哈克龍,哈克龙
149,Dragonite,Dragoran,Dracolosse,カイリュー,망나뇽,快龍,快龙
150,Mewtwo,Mewtu,Mewtwo,ミュウツー,뮤츠,超夢,超梦
151,Mew,Mew,Mew,ミュウ,뮤,夢幻,梦幻
152,Chikorita,Endivie,Germignon,チコリータ,치코리타,菊草葉,菊草叶
153,Bayleef,Lorblatt,Macronium,ベイリーフ,베이리프,月桂葉,月桂叶
154,Meganium,Meganie,Méganium,メガニウム,메가니움,大竺葵,大竺葵
155,Cyndaquil,Feurigel,Héricendre,ヒノアラシ,브케인,火球鼠,火球鼠
156,Quilava,Igelavar,Feurisson,マグマラシ,마그케인,火岩鼠,火岩鼠
157,Typhlosion,Tornupto,Typhlosion,バクフーン,블레이범,火爆獸,火暴兽
158,Totodile,Karnimani,Kaiminus,ワニノコ,리아코,小鋸鱷,小锯鳄
159,Croconaw,Tyracroc,Crocrodil,アリゲイツ,엘리게이,藍鱷,蓝鳄
160,Feraligatr,Impergator,Aligatueur,オーダイル,장크로다일,大力鱷,大力鳄
161,Sentret,Wiesor,Fouinette,オタチ,꼬리선,尾立,尾立
162,Furret,Wiesenior,Fouinar,オオタチ,다꼬리,大尾立,大尾立
163,Hoothoot,Hoothoot,Hoothoot,ホーホー,부우부,咕咕,咕咕
164,Noctowl,Noctuh,Noarfang,ヨルノズク,야부엉,貓頭夜鷹,猫头夜鹰
165,Ledyba,Ledyba,Coxy,レディバ,레디바,芭瓢蟲,芭瓢虫
166,Ledian,Ledian,Coxyclaque,レディアン,레디안,安瓢蟲,安瓢虫
167,Spinarak,Webarak,Mimigal,イトマル,페이검,圓絲蛛,圆丝蛛
168,Ariados,Ariados,Migalos,アリアドス,아리아도스,阿利多斯,阿利多斯
169,Crobat,Iksbat,Nostenfer,クロバット,크로뱃,叉字蝠,叉字蝠
170,Chinchou,Lampi,Loupio,チョンチー,초라기,燈籠魚,灯笼鱼
171,Lanturn,Lanturn,Lanturn,ランターン,랜턴,電燈怪,电灯怪
172,Pichu,Pichu,Pichu,ピチュー,피츄,皮丘,皮丘
173,Cleffa,Pii,Mélo,ピィ,삐,皮寶寶,皮宝宝
174,Igglybuff,Fluffeluff,Toudoudou,ププリン,푸푸린,寶寶丁,宝宝丁
175,Togepi,Togepi,Togepi,トゲピー,토게피,波克比,波克比
176,Togetic,Togetic,Togetic,トゲチック,토게틱,波克基古,波克基古
177,Natu,Natu,Natu,ネイティ,네이티,天然雀,天然雀
178,Xatu,Xatu,Xatu,ネイティオ,네이티오,天然鳥,天然鸟
179,Mareep,Voltilamm,Wattouat,メリープ,메리프,咩利羊,咩利羊
180,Flaaffy,Waaty,Lainergie,モココ,보송송,茸茸羊,茸茸羊
181,Ampharos,Ampharos,Pharamp,デンリュウ,전룡,電龍,电龙
182,Bellossom,Blubella,Joliflor,キレイハナ,아르코,美麗花,美丽花
183,Marill,Marill,Marill,マリル,마릴,瑪力露,玛力露
184,Azumarill,Azumarill,Azumarill,マリルリ,마릴리,瑪力露麗,玛力露丽
185,Sudowoodo,Mogelbaum,Simularbre,ウソッキー,꼬지모,樹才怪,树才怪
186,Politoed,Quaxo,Tarpaud,ニョロトノ,왕구리,蚊香蛙皇,蚊香蛙皇
187,Hoppip,Hoppspross,Granivol,ハネッコ,통통코,毽子草,毽子草
188,Skiploom,Hubelupf,Floravol,ポポッコ,두코,毽子花,毽子花
189,Jumpluff,Papungha,Cotovol,ワタッコ,솜솜코,毽子棉,毽子棉
190,Aipom,Griffel,Capumain,エイパム,에이팜,長尾怪手,长尾怪手
191,Sunkern,Sonnkern,Tournegrin,ヒマナッツ,해너츠,向日種子,向日种子
192,Sunflora,Sonnflora,Héliatronc,キマワリ,해루미,向日花怪,向日花怪
193,Yanma,Yanma,Yanma,ヤンヤンマ,왕자리,蜻蜻蜓,蜻蜻蜓
194,Wooper,Felino,Axoloto,ウパー,우파,烏波,乌波
195,Quagsire,Morlord,Maraiste,ヌオー,누오,沼王,沼王
196,Espeon,Psiana,Mentali,エーフィ,에브이,太陽伊布,太阳伊布
197,Umbreon,Nachtara,Noctali,ブラッキー,블래키,月亮伊布,月亮伊布
198,Murkrow,Kramurx,Cornèbre,ヤミカラス,니로우,黑暗鴉,黑暗鸦
199,Slowking,Laschoking,Roigada,ヤドキング,야도킹,呆呆王,呆呆王
200,Misdreavus,Traunfugil,Feuforêve,ムウマ,무우마,夢妖,梦妖
201,Unown,Icognito,Zarbi,アンノーン,안농,未知圖騰,未知图腾
202,Wobbuffet,Woingenau,Qulbutoké,ソーナンス,마자용,果然翁,果然翁
203,Girafarig,Girafarig,Girafarig,キリンリキ,키링키,麒麟奇,麒麟奇
204,Pineco,Tannza,Pomdepik,クヌギダマ,피콘,榛果球,榛果球
205,Forretress,Forstellka,Foretress,フォレトス,쏘콘,佛烈托斯,佛烈托斯
206,Dunsparce,Dummisel,Insolourdo,ノコッチ,노고치,土龍弟弟,土龙弟弟
207,Gligar,Skorgla,Scorplane,グライガー,글라이거,天蠍,天蝎
208,Steelix,Stahlos,Steelix,ハガネール,강철톤,大鋼蛇,大钢蛇
209,Snubbull,Snubbull,Snubbull,ブルー,블루,布魯,布鲁
210,Granbull,Granbull,Granbull,グランブル,그랑블루,布魯皇,布鲁皇
211,Qwilfish,Baldorfish,Qwilfish,ハリーセン,침바루,千針魚,千针鱼
212,Scizor,Scherox,Cizayox,ハッサム,핫삼,巨鉗螳螂,巨钳螳螂
213,Shuckle,Pottrott,Caratroc,ツボツボ,단단지,壺壺,壶壶
214,Heracross,Skaraborn,Scarhino,ヘラクロス,헤라크로스,赫拉克羅斯,赫拉克罗斯
215,Sneasel,Sniebel,Farfuret,ニューラ,포푸니,狃拉,狃拉
216,Teddiursa,Teddiursa,Teddiursa,ヒメグマ,깜지곰,熊寶寶,熊宝宝
217,Ursaring,Ursaring,Ursaring,リングマ,링곰,圈圈熊,圈圈熊
218,Slugma,Schneckmag,Limagma,マグマッグ,마그마그,熔岩蟲,熔岩虫
219,Magcargo,Magcargo,Volcaropod,マグカルゴ,마그카르고,熔岩蝸牛,熔岩蜗牛
220,Swinub,Quiekel,Marcacrin,ウリムー,꾸꾸리,小山豬,小山猪
221,Piloswine,Keifel,Cochignon,イノムー,메꾸리,長毛豬,长毛猪
222,Corsola,Corasonn,Corayon,サニーゴ,코산호,太陽珊瑚,太阳珊瑚
223,Remoraid,Remoraid,Rémoraid,テッポウオ,총어,鐵炮魚,铁炮鱼
224,Octillery,Octillery,Octillery,オクタン,대포무노,章魚桶,章鱼桶
225,Delibird,Botogel,Cadoizo,デリバード,딜리버드,信使鳥,信使鸟
226,Mantine,Mantax,Démanta,マンタイン,만타인,巨翅飛魚,巨翅飞鱼
227,Skarmory,Panzaeron,Airmure,エアームド,무장조,盔甲鳥,盔甲鸟
228,Houndour,Hunduster,Malosse,デルビル,델빌,戴魯比,戴鲁比
229,Houndoom,Hundemon,Démolosse,ヘルガー,헬가,黑魯加,黑鲁加
230,Kingdra,Seedraking,Hyporoi,キングドラ,킹드라,刺龍王,刺龙王
231,Phanpy,Phanpy,Phanpy,ゴマゾウ,코코리,小小象,小小象
232,Donphan,Donphan,Donphan,ドンファン,코리갑,頓甲,顿甲
233,Porygon2,Porygon2,Porygon2,ポリゴン２,폴리곤2,多邊獸Ⅱ,多边兽Ⅱ
234,Stantler,Damhirplex,Cerfrousse,オドシシ,노라키,驚角鹿,惊角鹿
235,Smeargle,Farbeagle,Queulorior,ドーブル,루브도,圖圖犬,图图犬
236,Tyrogue,Rabauz,Debugant,バルキー,배루키,無畏小子,无畏小子
237,Hitmontop,Kapoera,Kapoera,カポエラー,카포에라,戰舞郎,战舞郎
238,Smoochum,Kussilla,Lippouti,ムチュール,뽀뽀라,迷唇娃,迷唇娃
239,Elekid,Elekid,Élekid,エレキッド,에레키드,電擊怪,电击怪
240,Magby,Magby,Magby,ブビィ,마그비,鴨嘴寶寶,鸭嘴宝宝
241,Miltank,Miltank,Écrémeuh,ミルタンク,밀탱크,大奶罐,大奶罐
242,Blissey,Heiteira,Leuphorie,ハピナス,해피너스,幸福蛋,幸福蛋
243,Raikou,Raikou,Raikou,ライコウ,라이코,雷公,雷公
244,Entei,Entei,Entei,エンテイ,앤테이,炎帝,炎帝
245,Suicune,Suicune,Suicune,スイクン,스이쿤,水君,水君
246,Larvitar,Larvitar,Embrylex,ヨーギラス,애버라스,幼基拉斯,幼基拉斯
247,Pupitar,Pupitar,Ymphect,サナギラス,데기라스,沙基拉斯,沙基拉斯
248,Tyranitar,Despotar,Tyranocif,バンギラス,마기라스,班基拉斯,班基拉斯
249,Lugia,Lugia,Lugia,ルギア,루기아,洛奇亞,洛奇亚
250,Ho-Oh,Ho-Oh,Ho-Oh,ホウオウ,칠색조,鳳王,凤王
251,Celebi,Celebi,Celebi,セレビィ,세레비,時拉比,时拉比
252,Treecko,Geckarbor,Arcko,キモリ,나무지기,木守宮,木守宫
253,Grovyle,Reptain,Massko,ジュプトル,나무돌이,森林蜥蜴,森林蜥蜴
254,Sceptile,Gewaldro,Jungko,ジュカイン,나무킹,蜥蜴王,蜥蜴王
255,Torchic,Flemmli,Poussifeu,アチャモ,아차모,火稚雞,火稚鸡
256,Combusken,Jungglut,Galifeu,ワカシャモ,영치코,力壯雞,力壮鸡
257,Blaziken,Lohgock,Braségali,バシャーモ,번치코,火焰雞,火焰鸡
258,Mudkip,Hydropi,Gobou,ミズゴロウ,물짱이,水躍魚,水跃鱼
259,Marshtomp,Moorabbel,Flobio,ヌマクロー,늪짱이,沼躍魚,沼跃鱼
260,Swampert,Sumpex,Laggron,ラグラージ,대짱이,巨沼怪,巨沼怪
261,Poochyena,Fiffyen,Medhyèna,ポチエナ,포챠나,土狼犬,土狼犬
262,Mightyena,Magnayen,Grahyèna,グラエナ,그라에나,大狼犬,大狼犬
263,Zigzagoon,Zigzachs,Zigzaton,ジグザグマ,지그제구리,蛇紋熊,蛇纹熊
264,Linoone,Geradaks,Linéon,マッスグマ,직구리,直衝熊,直冲熊
265,Wurmple,Waumpel,Chenipotte,ケムッソ,개무소,刺尾蟲,刺尾虫
266,Silcoon,Schaloko,Armulys,カラサリス,실쿤,甲殼繭,甲壳茧
267,Beautifly,Papinella,Charmillon,アゲハント,뷰티플라이,狩獵鳳蝶,狩猎凤蝶
268,Cascoon,Panekon,Blindalys,マユルド,카스쿤,盾甲繭,盾甲茧
269,Dustox,Pudox,Papinox,ドクケイル,독케일,毒粉蛾,毒粉蛾
270,Lotad,Loturzel,Nénupiot,ハスボー,연꽃몬,蓮葉童子,莲叶童子
271,Lombre,Lombrero,Lombre,ハスブレロ,로토스,蓮帽小童,莲帽小童
272,Ludicolo,Kappalores,Ludicolo,ルンパッパ,로파파,樂天河童,乐天河童
273,Seedot,Samurzel,Grainipiot,タネボー,도토링,橡實果,橡实果
274,Nuzleaf,Blanas,Pifeuil,コノハナ,잎새코,長鼻葉,长鼻叶
275,Shiftry,Tengulist,Tengalice,ダーテング,다탱구,狡猾天狗,狡猾天狗
276,Taillow,Schwalbini,Nirondelle,スバメ,테일로,傲骨燕,傲骨燕
277,Swellow,Schwalboss,Hélédelle,オオスバメ,스왈로,大王燕,大王燕
278,Wingull,Wingull,Goélise,キャモメ,갈모매,長翅鷗,长翅鸥
279,Pelipper,Pelipper,Bekipan,ペリッパー,패리퍼,大嘴鷗,大嘴鸥
280,Ralts,Trasla,Tarsal,ラルトス,랄토스,拉魯拉絲,拉鲁拉丝
281,Kirlia,Kirlia,Kirlia,キルリア,킬리아,奇魯莉安,奇鲁莉安
282,Gardevoir,Guardevoir,Gardevoir,サーナイト,가디안,沙奈朵,沙奈朵
283,Surskit,Gehweiher,Arakdo,アメタマ,비구술,溜溜糖球,溜溜糖球
284,Masquerain,Maskeregen,Maskadra,アメモース,비나방,雨翅蛾,雨翅蛾
285,Shroomish,Knilz,Balignon,キノココ,버섯꼬,蘑蘑菇,蘑蘑菇
286,Breloom,Kapilz,Chapignon,キノガッサ,버섯모,斗笠菇,斗笠菇
287,Slakoth,Bummelz,Parecool,ナマケロ,게을로,懶人獺,懒人獭
288,Vigoroth,Muntier,Vigoroth,ヤルキモノ,발바로,過動猿,过动猿
289,Slaking,Letarking,Monaflèmit,ケッキング,게을킹,請假王,请假王
290,Nincada,Nincada,Ningale,ツチニン,토중몬,土居忍士,土居忍士
291,Ninjask,Ninjask,Ninjask,テッカニン,아이스크,鐵面忍者,铁面忍者
292,Shedinja,Ninjatom,Munja,ヌケニン,껍질몬,脫殼忍者,脱壳忍者
293,Whismur,Flurmel,Chuchmur,ゴニョニョ,소곤룡,咕妞妞,咕妞妞
294,Loudred,Krakeelo,Ramboum,ドゴーム,노공룡,吼爆彈,吼爆弹
295,Exploud,Krawumms,Brouhabam,バクオング,폭음룡,爆音怪,爆音怪
296,Makuhita,Makuhita,Makuhita,マクノシタ,마크탕,幕下力士,幕下力士
297,Hariyama,Hariyama,Hariyama,ハリテヤマ,하리뭉,鐵掌力士,铁掌力士
298,Azurill,Azurill,Azurill,ルリリ,루리리,露力麗,露力丽
299,Nosepass,Nasgnet,Tarinor,ノズパス,코코파스,朝北鼻,朝北鼻
300,Skitty,Eneco,Skitty,エネコ,에나비,向尾喵,向尾喵
301,Delcatty,Enekoro,Delcatty,エネコロロ,델케티,優雅貓,优雅猫
302,Sableye,Zobiris,Ténéfix,ヤミラミ,깜까미,勾魂眼,勾魂眼
303,Mawile,Flunkifer,Mysdibule,クチート,입치트,大嘴娃,大嘴娃
304,Aron,Stollunior,Galekid,ココドラ,가보리,可可多拉,可可多拉
305,Lairon,Stollrak,Galegon,コドラ,갱도라,可多拉,可多拉
306,Aggron,Stolloss,Galeking,ボスゴドラ,보스로라,波士可多拉,波士可多拉
307,Meditite,Meditie,Méditikka,アサナン,요가랑,瑪沙那,玛沙那
308,Medicham,Meditalis,Charmina,チャーレム,요가램,恰雷姆,恰雷姆
309,Electrike,Frizelbliz,Dynavolt,ラクライ,썬더라이,落雷獸,落雷兽
310,Manectric,Voltenso,Élecsprint,ライボルト,썬더볼트,雷電獸,雷电兽
311,Plusle,Plusle,Posipi,プラスル,플러시,正電拍拍,正电拍拍
312,Minun,Minun,Négapi,マイナン,마이농,負電拍拍,负电拍拍
313,Volbeat,Volbeat,Muciole,バルビート,볼비트,電螢蟲,电萤虫
314,Illumise,Illumise,Lumivole,イルミーゼ,네오비트,甜甜螢,甜甜萤
315,Roselia,Roselia,Rosélia,ロゼリア,로젤리아,毒薔薇,毒蔷薇
316,Gulpin,Schluppuck,Gloupti,ゴクリン,꼴깍몬,溶食獸,溶食兽
317,Swalot,Schlukwech,Avaltout,マルノーム,꿀꺽몬,吞食獸,吞食兽
318,Carvanha,Kanivanha,Carvanha,キバニア,샤프니아,利牙魚,利牙鱼
319,Sharpedo,Tohaido,Sharpedo,サメハダー,샤크니아,巨牙鯊,巨牙鲨
320,Wailmer,Wailmer,Wailmer,ホエルコ,고래왕자,吼吼鯨,吼吼鲸
321,Wailord,Wailord,Wailord,ホエルオー,고래왕,吼鯨王,吼鲸王
322,Numel,Camaub,Chamallot,ドンメル,둔타,呆火駝,呆火驼
323,Camerupt,Camerupt,Camérupt,バクーダ,폭타,噴火駝,喷火驼
324,Torkoal,Qurtel,Chartor,コータス,코터스,煤炭龜,煤炭龟
325,Spoink,Spoink,Spoink,バネブー,피그점프,跳跳豬,跳跳猪
326,Grumpig,Groink,Groret,ブーピッグ,피그킹,噗噗豬,噗噗猪
327,Spinda,Pandir,Spinda,パッチール,얼루기,晃晃斑,晃晃斑
328,Trapinch,Knacklion,Kraknoix,ナックラー,톱치,大顎蟻,大颚蚁
329,Vibrava,Vibrava,Vibraninf,ビブラーバ,비브라바,超音波幼蟲,超音波幼虫
330,Flygon,Libelldra,Libégon,フライゴン,플라이곤,沙漠蜻蜓,沙漠蜻蜓
331,Cacnea,Tuska,Cacnea,サボネア,선인왕,刺球仙人掌,刺球仙人掌
332,Cacturne,Noktuska,Cacturne,ノクタス,밤선인,夢歌仙人掌,梦歌仙人掌
333,Swablu,Wablu,Tylton,チルット,파비코,青綿鳥,青绵鸟
334,Altaria,Altaria,Altaria,チルタリス,파비코리,七夕青鳥,七夕青鸟
335,Zangoose,Sengo,Mangriff,ザングース,쟝고,貓鼬斬,猫鼬斩
336,Seviper,Vipitis,Séviper,ハブネーク,세비퍼,飯匙蛇,饭匙蛇
337,Lunatone,Lunastein,Séléroc,ルナトーン,루나톤,月石,月石
338,Solrock,Sonnfel,Solaroc,ソルロック,솔록,太陽岩,太阳岩
339,Barboach,Schmerbe,Barloche,ドジョッチ,미꾸리,泥泥鰍,泥泥鳅
340,Whiscash,Welsar,Barbicha,ナマズン,메깅,鯰魚王,鲶鱼王
341,Corphish,Krebscorps,Écrapince,ヘイガニ,가재군,龍蝦小兵,龙虾小兵
342,Crawdaunt,Krebutack,Colhomard,シザリガー,가재장군,鐵螯龍蝦,铁螯龙虾
343,Baltoy,Puppance,Balbuto,ヤジロン,오뚝군,天秤偶,天秤偶
344,Claydol,Lepumentas,Kaorine,ネンドール,점토도리,念力土偶,念力土偶
345,Lileep,Liliep,Lilia,リリーラ,릴링,觸手百合,触手百合
346,Cradily,Wielie,Vacilys,ユレイドル,릴리요,搖籃百合,摇篮百合
347,Anorith,Anorith,Anorith,アノプス,아노딥스,太古羽蟲,太古羽虫
348,Armaldo,Armaldo,Armaldo,アーマルド,아말도,太古盔甲,太古盔甲
349,Feebas,Barschwa,Barpau,ヒンバス,빈티나,醜醜魚,丑丑鱼
350,Milotic,Milotic,Milobellus,ミロカロス,밀로틱,美納斯,美纳斯
351,Castform,Formeo,Morphéo,ポワルン,캐스퐁,飄浮泡泡,飘浮泡泡
352,Kecleon,Kecleon,Kecleon,カクレオン,켈리몬,變隱龍,变隐龙
353,Shuppet,Shuppet,Polichombr,カゲボウズ,어둠대신,怨影娃娃,怨影娃娃
354,Banette,Banette,Branette,ジュペッタ,다크펫,詛咒娃娃,诅咒娃娃
355,Duskull,Zwirrlicht,Skelénox,ヨマワル,해골몽,夜巡靈,夜巡灵
356,Dusclops,Zwirrklop,Téraclope,サマヨール,미라몽,彷徨夜靈,彷徨夜灵
357,Tropius,Tropius,Tropius,トロピウス,트로피우스,熱帶龍,热带龙
358,Chimecho,Palimpalim,Éoko,チリーン,치렁,風鈴鈴,风铃铃
359,Absol,Absol,Absol,アブソル,앱솔,阿勃梭魯,阿勃梭鲁
360,Wynaut,Isso,Okéoké,ソーナノ,마자,小果然,小果然
361,Snorunt,Schneppke,Stalgamin,ユキワラシ,눈꼬마,雪童子,雪童子
362,Glalie,Firnontor,Oniglali,オニゴーリ,얼음귀신,冰鬼護,冰鬼护
363,Spheal,Seemops,Obalie,タマザラシ,대굴레오,海豹球,海豹球
364,Sealeo,Seejong,Phogleur,トドグラー,씨레오,海魔獅,海魔狮
365,Walrein,Walraisa,Kaimorse,トドゼルガ,씨카이저,帝牙海獅,帝牙海狮
366,Clamperl,Perlu,Coquiperl,パールル,진주몽,珍珠貝,珍珠贝
367,Huntail,Aalabyss,Serpang,ハンテール,헌테일,獵斑魚,猎斑鱼
368,Gorebyss,Saganabyss,Rosabyss,サクラビス,분홍장이,櫻花魚,樱花鱼
369,Relicanth,Relicanth,Relicanth,ジーランス,시라칸,古空棘魚,古空棘鱼
370,Luvdisc,Liebiskus,Lovdisc,ラブカス,사랑동이,愛心魚,爱心鱼
371,Bagon,Kindwurm,Draby,タツベイ,아공이,寶貝龍,宝贝龙
372,Shelgon,Draschel,Drackhaus,コモルー,쉘곤,甲殼龍,甲壳龙
373,Salamence,Brutalanda,Drattak,ボーマンダ,보만다,暴飛龍,暴飞龙
374,Beldum,Tanhel,Terhal,ダンバル,메탕,鐵啞鈴,铁哑铃
375,Metang,Metang,Métang,メタング,메탕구,金屬怪,金属怪
376,Metagross,Metagross,Métalosse,メタグロス,메타그로스,巨金怪,巨金怪
377,Regirock,Regirock,Regirock,レジロック,레지락,雷吉洛克,雷吉洛克
378,Regice,Regice,Regice,レジアイス,레지아이스,雷吉艾斯,雷吉艾斯
379,Registeel,Registeel,Registeel,レジスチル,레지스틸,雷吉斯奇魯,雷吉斯奇鲁
380,Latias,Latias,Latias,ラティアス,라티아스,拉帝亞斯,拉帝亚斯
381,Latios,Latios,Latios,ラティオス,라티오스,拉帝歐斯,拉帝欧斯
382,Kyogre,Kyogre,Kyogre,カイオーガ,가이오가,蓋歐卡,盖欧卡
383,Groudon,Groudon,Groudon,グラードン,그란돈,固拉多,固拉多
384,Rayquaza,Rayquaza,Rayquaza,レックウザ,레쿠쟈,烈空坐,烈空坐
385,Jirachi,Jirachi,Jirachi,ジラーチ,지라치,基拉祈,基拉祈
386,Deoxys,Deoxys,Deoxys,デオキシス,테오키스,代歐奇希斯,代欧奇希斯
387,Turtwig,Chelast,Tortipouss,ナエトル,모부기,草苗龜,草苗龟
388,Grotle,Chelcarain,Boskara,ハヤシガメ,수풀부기,樹林龜,树林龟
389,Torterra,Chelterrar,Torterra,ドダイトス,토대부기,土台龜,土台龟
390,Chimchar,Panflam,Ouisticram,ヒコザル,불꽃숭이,小火焰猴,小火焰猴
391,Monferno,Panpyro,Chimpenfeu,モウカザル,파이숭이,猛火猴,猛火猴
392,Infernape,Panferno,Simiabraz,ゴウカザル,초염몽,烈焰猴,烈焰猴
393,Piplup,Plinfa,Tiplouf,ポッチャマ,팽도리,波加曼,波加曼
394,Prinplup,Pliprin,Prinplouf,ポッタイシ,팽태자,波皇子,波皇子
395,Empoleon,Impoleon,Pingoléon,エンペルト,엠페르트,帝王拿波,帝王拿波
396,Starly,Staralili,Étourmi,ムックル,찌르꼬,姆克兒,姆克儿
397,Staravia,Staravia,Étourvol,ムクバード,찌르버드,姆克鳥,姆克鸟
398,Staraptor,Staraptor,Étouraptor,ムクホーク,찌르호크,姆克鷹,姆克鹰
399,Bidoof,Bidiza,Keunotor,ビッパ,비버니,大牙狸,大牙狸
400,Bibarel,Bidifas,Castorno,ビーダル,비버통,大尾狸,大尾狸
401,Kricketot,Zirpurze,Crikzik,コロボーシ,귀뚤뚜기,圓法師,圆法师
402,Kricketune,Zirpeise,Mélokrik,コロトック,귀뚤톡크,音箱蟀,音箱蟀
403,Shinx,Sheinux,Lixy,コリンク,꼬링크,小貓怪,小猫怪
404,Luxio,Luxio,Luxio,ルクシオ,럭시오,勒克貓,勒克猫
405,Luxray,Luxtra,Luxray,レントラー,렌트라,倫琴貓,伦琴猫
406,Budew,Knospi,Rozbouton,スボミー,꼬몽울,含羞苞,含羞苞
407,Roserade,Roserade,Roserade,ロズレイド,로즈레이드,羅絲雷朵,罗丝雷朵
408,Cranidos,Koknodon,Kranidos,ズガイドス,두개도스,頭蓋龍,头盖龙
409,Rampardos,Rameidon,Charkos,ラムパルド,램펄드,戰槌龍,战槌龙
410,Shieldon,Schilterus,Dinoclier,タテトプス,방패톱스,盾甲龍,盾甲龙
411,Bastiodon,Bollterus,Bastiodon,トリデプス,바리톱스,護城龍,护城龙
412,Burmy,Burmy,Cheniti,ミノムッチ,도롱충이,結草兒,结草儿
413,Wormadam,Burmadame,Cheniselle,ミノマダム,도롱마담,結草貴婦,结草贵妇
414,Mothim,Moterpel,Papilord,ガーメイル,나메일,紳士蛾,绅士蛾
415,Combee,Wadribie,Apitrini,ミツハニー,세꿀버리,三蜜蜂,三蜜蜂
416,Vespiquen,Honweisel,Apireine,ビークイン,비퀸,蜂女王,蜂女王
417,Pachirisu,Pachirisu,Pachirisu,パチリス,파치리스,帕奇利茲,帕奇利兹
418,Buizel,Bamelin,Mustébouée,ブイゼル,브이젤,泳圈鼬,泳圈鼬
419,Floatzel,Bojelin,Mustéflott,フローゼル,플로젤,浮潛鼬,浮潜鼬
420,Cherubi,Kikugi,Ceribou,チェリンボ,체리버,櫻花寶,樱花宝
421,Cherrim,Kinoso,Ceriflor,チェリム,체리꼬,櫻花兒,樱花儿
422,Shellos,Schalellos,Sancoki,カラナクシ,깝질무,無殼海兔,无壳海兔
423,Gastrodon,Gastrodon,Tritosor,トリトドン,트리토돈,海兔獸,海兔兽
424,Ambipom,Ambidiffel,Capidextre,エテボース,겟핸보숭,雙尾怪手,双尾怪手
425,Drifloon,Driftlon,Baudrive,フワンテ,흔들풍손,飄飄球,飘飘球
426,Drifblim,Drifzepeli,Grodrive,フワライド,둥실라이드,隨風球,随风球
427,Buneary,Haspiror,Laporeille,ミミロル,이어롤,捲捲耳,卷卷耳
428,Lopunny,Schlapor,Lockpin,ミミロップ,이어롭,長耳兔,长耳兔
429,Mismagius,Traunmagil,Magirêve,ムウマージ,무우마직,夢妖魔,梦妖魔
430,Honchkrow,Kramshef,Corboss,ドンカラス,돈크로우,烏鴉頭頭,乌鸦头头
431,Glameow,Charmian,Chaglam,ニャルマー,나옹마,魅力喵,魅力喵
432,Purugly,Shnurgarst,Chaffreux,ブニャット,몬냥이,東施喵,东施喵
433,Chingling,Klingplim,Korillon,リーシャン,랑딸랑,鈴鐺響,铃铛响
434,Stunky,Skunkapuh,Moufouette,スカンプー,스컹뿡,臭鼬噗,臭鼬噗
435,Skuntank,Skuntank,Moufflair,スカタンク,스컹탱크,坦克臭鼬,坦克臭鼬
436,Bronzor,Bronzel,Archéomire,ドーミラー,동미러,銅鏡怪,铜镜怪
437,Bronzong,Bronzong,Archéodong,ドータクン,동탁군,青銅鐘,青铜钟
438,Bonsly,Mobai,Manzaï,ウソハチ,꼬지지,盆才怪,盆才怪
439,Mime Jr.,Pantimimi,Mime Jr.,マネネ,흉내내,魔尼尼,魔尼尼
440,Happiny,Wonneira,Ptiravi,ピンプク,핑복,小福蛋,小福蛋
441,Chatot,Plaudagei,Pijako,ペラップ,페라페,聒噪鳥,聒噪鸟
442,Spiritomb,Kryppuk,Spiritomb,ミカルゲ,화강돌,花岩怪,花岩怪
443,Gible,Kaumalat,Griknot,フカマル,딥상어동,圓陸鯊,圆陆鲨
444,Gabite,Knarksel,Carmache,ガバイト,한바이트,尖牙陸鯊,尖牙陆鲨
445,Garchomp,Knakrack,Carchacrok,ガブリアス,한카리아스,烈咬陸鯊,烈咬陆鲨
446,Munchlax,Mampfaxo,Goinfrex,ゴンベ,먹고자,小卡比獸,小卡比兽
447,Riolu,Riolu,Riolu,リオル,리오르,利歐路,利欧路
448,Lucario,Lucario,Lucario,ルカリオ,루카리오,路卡利歐,路卡利欧
449,Hippopotas,Hippopotas,Hippopotas,ヒポポタス,히포포타스,沙河馬,沙河马
450,Hippowdon,Hippoterus,Hippodocus,カバルドン,하마돈,河馬獸,河马兽
451,Skorupi,Pionskora,Rapion,スコルピ,스콜피,鉗尾蠍,钳尾蝎
452,Drapion,Piondragi,Drascore,ドラピオン,드래피온,龍王蠍,龙王蝎
453,Croagunk,Glibunkel,Cradopaud,グレッグル,삐딱구리,不良蛙,不良蛙
454,Toxicroak,Toxiquak,Coatox,ドクロッグ,독개굴,毒骷蛙,毒骷蛙
455,Carnivine,Venuflibis,Vortente,マスキッパ,무스틈니,尖牙籠,尖牙笼
456,Finneon,Finneon,Écayon,ケイコウオ,형광어,螢光魚,荧光鱼
457,Lumineon,Lumineon,Luminéon,ネオラント,네오라이트,霓虹魚,霓虹鱼
458,Mantyke,Mantirps,Babimanta,タマンタ,타만타,小球飛魚,小球飞鱼
459,Snover,Shnebedeck,Blizzi,ユキカブリ,눈쓰개,雪笠怪,雪笠怪
460,Abomasnow,Rexblisar,Blizzaroi,ユキノオー,눈설왕,暴雪王,暴雪王
461,Weavile,Snibunna,Dimoret,マニューラ,포푸니라,瑪狃拉,玛狃拉
462,Magnezone,Magnezone,Magnézone,ジバコイル,자포코일,自爆磁怪,自爆磁怪
463,Lickilicky,Schlurplek,Coudlangue,ベロベルト,내룸벨트,大舌舔,大舌舔
464,Rhyperior,Rihornior,Rhinastoc,ドサイドン,거대코뿌리,超甲狂犀,超甲狂犀
465,Tangrowth,Tangoloss,Bouldeneu,モジャンボ,덩쿠림보,巨蔓藤,巨蔓藤
466,Electivire,Elevoltek,Élekable,エレキブル,에레키블,電擊魔獸,电击魔兽
467,Magmortar,Magbrant,Maganon,ブーバーン,마그마번,鴨嘴炎獸,鸭嘴炎兽
468,Togekiss,Togekiss,Togekiss,トゲキッス,토게키스,波克基斯,波克基斯
469,Yanmega,Yanmega,Yanméga,メガヤンマ,메가자리,遠古巨蜓,远古巨蜓
470,Leafeon,Folipurba,Phyllali,リーフィア,리피아,葉伊布,叶伊布
471,Glaceon,Glaziola,Givrali,グレイシア,글레이시아,冰伊布,冰伊布
472,Gliscor,Skorgro,Scorvol,グライオン,글라이온,天蠍王,天蝎王
473,Mamoswine,Mamutel,Mammochon,マンムー,맘모꾸리,象牙豬,象牙猪
474,Porygon-Z,Porygon-Z,Porygon-Z,ポリゴンＺ,폴리곤Z,多邊獸Ｚ,多边兽Ｚ
475,Gallade,Galagladi,Gallame,エルレイド,엘레이드,艾路雷朵,艾路雷朵
476,Probopass,Voluminas,Tarinorme,ダイノーズ,대코파스,大朝北鼻,大朝北鼻
477,Dusknoir,Zwirrfinst,Noctunoir,ヨノワール,야느와르몽,黑夜魔靈,黑夜魔灵
478,Froslass,Frosdedje,Momartik,ユキメノコ,눈여아,雪妖女,雪妖女
479,Rotom,Rotom,Motisma,ロトム,로토무,洛托姆,洛托姆
480,Uxie,Selfe,Créhelf,ユクシー,유크시,由克希,由克希
481,Mesprit,Vesprit,Créfollet,エムリット,엠라이트,艾姆利多,艾姆利多
482,Azelf,Tobutz,Créfadet,アグノム,아그놈,亞克諾姆,亚克诺姆
483,Dialga,Dialga,Dialga,ディアルガ,디아루가,帝牙盧卡,帝牙卢卡
484,Palkia,Palkia,Palkia,パルキア,펄기아,帕路奇亞,帕路奇亚
485,Heatran,Heatran,Heatran,ヒードラン,히드런,席多藍恩,席多蓝恩
486,Regigigas,Regigigas,Regigigas,レジギガス,레지기가스,雷吉奇卡斯,雷吉奇卡斯
487,Giratina,Giratina,Giratina,ギラティナ,기라티나,騎拉帝納,骑拉帝纳
488,Cresselia,Cresselia,Cresselia,クレセリア,크레세리아,克雷色利亞,克雷色利亚
489,Phione,Phione,Phione,フィオネ,피오네,霏歐納,霏欧纳
490,Manaphy,Manaphy,Manaphy,マナフィ,마나피,瑪納霏,玛纳霏
491,Darkrai,Darkrai,Darkrai,ダークライ,다크라이,達克萊伊,达克莱伊
492,Shaymin,Shaymin,Shaymin,シェイミ,쉐이미,謝米,谢米
493,Arceus,Arceus,Arceus,アルセウス,아르세우스,阿爾宙斯,阿尔宙斯
494,Victini,Victini,Victini,ビクティニ,비크티니,比克提尼,比克提尼
495,Snivy,Serpifeu,Vipélierre,ツタージャ,주리비얀,藤藤蛇,藤藤蛇
496,Servine,Efoserp,Lianaja,ジャノビー,샤비,青藤蛇,青藤蛇
497,Serperior,Serpiroyal,Majaspic,ジャローダ,샤로다,君主蛇,君主蛇
498,Tepig,Floink,Gruikui,ポカブ,뚜꾸리,暖暖豬,暖暖猪
499,Pignite,Ferkokel,Grotichon,チャオブー,챠오꿀,炒炒豬,炒炒猪
500,Emboar,Flambirex,Roitiflam,エンブオー,염무왕,炎武王,炎武王
501,Oshawott,Ottaro,Moustillon,ミジュマル,수댕이,水水獺,水水獭
502,Dewott,Zwottronin,Mateloutre,フタチマル,쌍검자비,雙刃丸,双刃丸
503,Samurott,Admurai,Clamiral,ダイケンキ,대검귀,大劍鬼,大剑鬼
504,Patrat,Nagelotz,Ratentif,ミネズミ,보르쥐,探探鼠,探探鼠
505,Watchog,Kukmarda,Miradar,ミルホッグ,보르그,步哨鼠,步哨鼠
506,Lillipup,Yorkleff,Ponchiot,ヨーテリー,요테리,小約克,小约克
507,Herdier,Terribark,Ponchien,ハーデリア,하데리어,哈約克,哈约克
508,Stoutland,Bissbark,Mastouffe,ムーランド,바랜드,長毛狗,长毛狗
509,Purrloin,Felilou,Chacripan,チョロネコ,쌔비냥,扒手貓,扒手猫
510,Liepard,Kleoparda,Léopardus,レパルダス,레파르다스,酷豹,酷豹
511,Pansage,Vegimak,Feuillajou,ヤナップ,야나프,花椰猴,花椰猴
512,Simisage,Vegichita,Feuiloutan,ヤナッキー,야나키,花椰猿,花椰猿
513,Pansear,Grillmak,Flamajou,バオップ,바오프,爆香猴,爆香猴
514,Simisear,Grillchita,Flamoutan,バオッキー,바오키,爆香猿,爆香猿
515,Panpour,Sodamak,Flotajou,ヒヤップ,앗차프,冷水猴,冷水猴
516,Simipour,Sodachita,Flotoutan,ヒヤッキー,앗차키,冷水猿,冷水猿
517,Munna,Somniam,Munna,ムンナ,몽나,食夢夢,食梦梦
518,Musharna,Somnivora,Mushana,ムシャーナ,몽얌나,夢夢蝕,梦梦蚀
519,Pidove,Dusselgurr,Poichigeon,マメパト,콩둘기,豆豆鴿,豆豆鸽
520,Tranquill,Navitaub,Colombeau,ハトーボー,유토브,咕咕鴿,咕咕鸽
521,Unfezant,Fasasnob,Déflaisan,ケンホロウ,켄호로우,高傲雉雞,高傲雉鸡
522,Blitzle,Elezeba,Zébibron,シママ,줄뮤마,斑斑馬,斑斑马
523,Zebstrika,Zebritz,Zéblitz,ゼブライカ,제브라이카,雷電斑馬,雷电斑马
524,Roggenrola,Kiesling,Nodulithe,ダンゴロ,단굴,石丸子,石丸子
525,Boldore,Sedimantur,Géolithe,ガントル,암트르,地幔岩,地幔岩
526,Gigalith,Brockoloss,Gigalithe,ギガイアス,기가이어스,龐岩怪,庞岩怪
527,Woobat,Fleknoil,Chovsourir,コロモリ,또르박쥐,滾滾蝙蝠,滚滚蝙蝠
528,Swoobat,Fletiamo,Rhinolove,ココロモリ,맘박쥐,心蝙蝠,心蝙蝠
529,Drilbur,Rotomurf,Rototaupe,モグリュー,두더류,螺釘地鼠,螺钉地鼠
530,Excadrill,Stalobor,Minotaupe,ドリュウズ,몰드류,龍頭地鼠,龙头地鼠
531,Audino,Ohrdoch,Nanméouïe,タブンネ,다부니,差不多娃娃,差不多娃娃
532,Timburr,Praktibalk,Charpenti,ドッコラー,으랏차,搬運小匠,搬运小匠
533,Gurdurr,Strepoli,Ouvrifier,ドテッコツ,토쇠골,鐵骨土人,铁骨土人
534,Conkeldurr,Meistagrif,Bétochef,ローブシン,노보청,修建老匠,修建老匠
535,Tympole,Schallquap,Tritonde,オタマロ,동챙이,圓蝌蚪,圆蝌蚪
536,Palpitoad,Mebrana,Batracné,ガマガル,두까비,藍蟾蜍,蓝蟾蜍
537,Seismitoad,Branawarz,Crapustule,ガマゲロゲ,두빅굴,蟾蜍王,蟾蜍王
538,Throh,Jiutesto,Judokrak,ナゲキ,던지미,投摔鬼,投摔鬼
539,Sawk,Karadonis,Karaclée,ダゲキ,타격귀,打擊鬼,打击鬼
540,Sewaddle,Strawickl,Larveyette,クルミル,두르보,蟲寶包,虫宝包
541,Swadloon,Folikon,Couverdure,クルマユ,두르쿤,寶包繭,宝包茧
542,Leavanny,Matrifol,Manternel,ハハコモリ,모아머,保母蟲,保姆虫
543,Venipede,Toxiped,Venipatte,フシデ,마디네,百足蜈蚣,百足蜈蚣
544,Whirlipede,Rollum,Scobolide,ホイーガ,휠구,車輪毬,车轮球
545,Scolipede,Cerapendra,Brutapode,ペンドラー,펜드라,蜈蚣王,蜈蚣王
546,Cottonee,Waumboll,Doudouvet,モンメン,소미안,木棉球,木棉球
547,Whimsicott,Elfun,Farfaduvet,エルフーン,엘풍,風妖精,风妖精
548,Petilil,Lilminip,Chlorobule,チュリネ,치릴리,百合根娃娃,百合根娃娃
549,Lilligant,Dressella,Fragilady,ドレディア,드레디어,裙兒小姐,裙儿小姐
550,Basculin,Barschuft,Bargantua,バスラオ,배쓰나이,野蠻鱸魚,野蛮鲈鱼
551,Sandile,Ganovil,Mascaïman,メグロコ,깜눈크,黑眼鱷,黑眼鳄
552,Krokorok,Rokkaiman,Escroco,ワルビル,악비르,混混鱷,混混鳄
553,Krookodile,Rabigator,Crocorible,ワルビアル,악비아르,流氓鱷,流氓鳄
554,Darumaka,Flampion,Darumarond,ダルマッカ,달막화,火紅不倒翁,火红不倒翁
555,Darmanitan,Flampivian,Darumacho,ヒヒダルマ,불비달마,達摩狒狒,达摩狒狒
556,Maractus,Maracamba,Maracachi,マラカッチ,마라카치,沙鈴仙人掌,沙铃仙人掌
557,Dwebble,Lithomith,Crabicoque,イシズマイ,돌살이,石居蟹,石居蟹
558,Crustle,Castellith,Crabaraque,イワパレス,암팰리스,岩殿居蟹,岩殿居蟹
559,Scraggy,Zurrokex,Baggiguane,ズルッグ,곤율랭,滑滑小子,滑滑小子
560,Scrafty,Irokex,Baggaïd,ズルズキン,곤율거니,頭巾混混,头巾混混
561,Sigilyph,Symvolara,Cryptéro,シンボラー,심보러,象徵鳥,象征鸟
562,Yamask,Makabaja,Tutafeh,デスマス,데스마스,哭哭面具,哭哭面具
563,Cofagrigus,Echnatoll,Tutankafer,デスカーン,데스니칸,死神棺,死神棺
564,Tirtouga,Galapaflos,Carapagos,プロトーガ,프로토가,原蓋海龜,原盖海龟
565,Carracosta,Karippas,Mégapagos,アバゴーラ,늑골라,肋骨海龜,肋骨海龟
566,Archen,Flapteryx,Arkéapti,アーケン,아켄,始祖小鳥,始祖小鸟
567,Archeops,Aeropteryx,Aéroptéryx,アーケオス,아케오스,始祖大鳥,始祖大鸟
568,Trubbish,Unratütox,Miamiasme,ヤブクロン,깨봉이,破破袋,破破袋
569,Garbodor,Deponitox,Miasmax,ダストダス,더스트나,灰塵山,灰尘山
570,Zorua,Zorua,Zorua,ゾロア,조로아,索羅亞,索罗亚
571,Zoroark,Zoroark,Zoroark,ゾロアーク,조로아크,索羅亞克,索罗亚克
572,Minccino,Picochilla,Chinchidou,チラーミィ,치라미,泡沫栗鼠,泡沫栗鼠
573,Cinccino,Chillabell,Pashmilla,チラチーノ,치라치노,奇諾栗鼠,奇诺栗鼠
574,Gothita,Mollimorba,Scrutella,ゴチム,고디탱,哥德寶寶,哥德宝宝
575,Gothorita,Hypnomorba,Mesmérella,ゴチミル,고디보미,哥德小童,哥德小童
576,Gothitelle,Morbitesse,Sidérella,ゴチルゼル,고디모아젤,哥德小姐,哥德小姐
577,Solosis,Monozyto,Nucléos,ユニラン,유니란,單卵細胞球,单卵细胞球
578,Duosion,Mitodos,Méios,ダブラン,듀란,雙卵細胞球,双卵细胞球
579,Reuniclus,Zytomega,Symbios,ランクルス,란쿨루스,人造細胞卵,人造细胞卵
580,Ducklett,Piccolente,Couaneton,コアルヒー,꼬지보리,鴨寶寶,鸭宝宝
581,Swanna,Swaroness,Lakmécygne,スワンナ,스완나,舞天鵝,舞天鹅
582,Vanillite,Gelatini,Sorbébé,バニプッチ,바닐프티,迷你冰,迷你冰
583,Vanillish,Gelatroppo,Sorboul,バニリッチ,바닐리치,多多冰,多多冰
584,Vanilluxe,Gelatwino,Sorbouboul,バイバニラ,배바닐라,雙倍多多冰,双倍多多冰
585,Deerling,Sesokitz,Vivaldaim,シキジカ,사철록,四季鹿,四季鹿
586,Sawsbuck,Kronjuwild,Haydaim,メブキジカ,바라철록,萌芽鹿,萌芽鹿
587,Emolga,Emolga,Emolga,エモンガ,에몽가,電飛鼠,电飞鼠
588,Karrablast,Laukaps,Carabing,カブルモ,딱정곤,蓋蓋蟲,盖盖虫
589,Escavalier,Cavalanzas,Lançargot,シュバルゴ,슈바르고,騎士蝸牛,骑士蜗牛
590,Foongus,Tarnpignon,Trompignon,タマゲタケ,깜놀버슬,哎呀球菇,哎呀球菇
591,Amoonguss,Hutsassa,Gaulet,モロバレル,뽀록나,敗露球菇,败露球菇
592,Frillish,Quabbel,Viskuse,プルリル,탱그릴,輕飄飄,轻飘飘
593,Jellicent,Apoquallyp,Moyade,ブルンゲル,탱탱겔,胖嘟嘟,胖嘟嘟
594,Alomomola,Mamolida,Mamanbo,ママンボウ,맘복치,保母曼波,保姆曼波
595,Joltik,Wattzapf,Statitik,バチュル,피쪼옥,電電蟲,电电虫
596,Galvantula,Voltula,Mygavolt,デンチュラ,전툴라,電蜘蛛,电蜘蛛
597,Ferroseed,Kastadur,Grindur,テッシード,철시드,種子鐵球,种子铁球
598,Ferrothorn,Tentantel,Noacier,ナットレイ,너트령,堅果啞鈴,坚果哑铃
599,Klink,Klikk,Tic,ギアル,기어르,齒輪兒,齿轮儿
600,Klang,Kliklak,Clic,ギギアル,기기어르,齒輪組,齿轮组
601,Klinklang,Klikdiklak,Cliticlic,ギギギアル,기기기어르,齒輪怪,齿轮怪
602,Tynamo,Zapplardin,Anchwatt,シビシラス,저리어,麻麻小魚,麻麻小鱼
603,Eelektrik,Zapplalek,Lampéroie,シビビール,저리릴,麻麻鰻,麻麻鳗
604,Eelektross,Zapplarang,Ohmassacre,シビルドン,저리더프,麻麻鰻魚王,麻麻鳗鱼王
605,Elgyem,Pygraulon,Lewsor,リグレー,리그레,小灰怪,小灰怪
606,Beheeyem,Megalon,Neitram,オーベム,벰크,大宇怪,大宇怪
607,Litwick,Lichtel,Funécire,ヒトモシ,불켜미,燭光靈,烛光灵
608,Lampent,Laternecto,Mélancolux,ランプラー,램프라,燈火幽靈,灯火幽灵
609,Chandelure,Skelabra,Lugulabre,シャンデラ,샹델라,水晶燈火靈,水晶灯火灵
610,Axew,Milza,Coupenotte,キバゴ,터검니,牙牙,牙牙
611,Fraxure,Sharfax,Incisache,オノンド,액슨도,斧牙龍,斧牙龙
612,Haxorus,Maxax,Tranchodon,オノノクス,액스라이즈,雙斧戰龍,双斧战龙
613,Cubchoo,Petznief,Polarhume,クマシュン,코고미,噴嚏熊,喷嚏熊
614,Beartic,Siberio,Polagriffe,ツンベアー,툰베어,凍原熊,冻原熊
615,Cryogonal,Frigometri,Hexagel,フリージオ,프리지오,幾何雪花,几何雪花
616,Shelmet,Schnuthelm,Escargaume,チョボマキ,쪼마리,小嘴蝸,小嘴蜗
617,Accelgor,Hydragil,Limaspeed,アギルダー,어지리더,敏捷蟲,敏捷虫
618,Stunfisk,Flunschlik,Limonde,マッギョ,메더,泥巴魚,泥巴鱼
619,Mienfoo,Lin-Fu,Kungfouine,コジョフー,비조푸,功夫鼬,功夫鼬
620,Mienshao,Wie-Shu,Shaofouine,コジョンド,비조도,師父鼬,师父鼬
621,Druddigon,Shardrago,Drakkarmin,クリムガン,크리만,赤面龍,赤面龙
622,Golett,Golbit,Gringolem,ゴビット,골비람,泥偶小人,泥偶小人
623,Golurk,Golgantes,Golemastoc,ゴルーグ,골루그,泥偶巨人,泥偶巨人
624,Pawniard,Gladiantri,Scalpion,コマタナ,자망칼,駒刀小兵,驹刀小兵
625,Bisharp,Caesurio,Scalproie,キリキザン,절각참,劈斬司令,劈斩司令
626,Bouffalant,Bisofank,Frison,バッフロン,버프론,爆炸頭水牛,爆炸头水牛
627,Rufflet,Geronimatz,Furaiglon,ワシボン,수리둥보,毛頭小鷹,毛头小鹰
628,Braviary,Washakwil,Gueriaigle,ウォーグル,워글,勇士雄鷹,勇士雄鹰
629,Vullaby,Skallyk,Vostourno,バルチャイ,벌차이,禿鷹丫頭,秃鹰丫头
630,Mandibuzz,Grypheldis,Vaututrice,バルジーナ,버랜지나,禿鷹娜,秃鹰娜
631,Heatmor,Furnifraß,Aflamanoir,クイタラン,앤티골,熔蟻獸,熔蚁兽
632,Durant,Fermicula,Fermite,アイアント,아이앤트,鐵蟻,铁蚁
633,Deino,Kapuno,Solochi,モノズ,모노두,單首龍,单首龙
634,Zweilous,Duodino,Diamat,ジヘッド,디헤드,雙首暴龍,双首暴龙
635,Hydreigon,Trikephalo,Trioxhydre,サザンドラ,삼삼드래,三首惡龍,三首恶龙
636,Larvesta,Ignivor,Pyronille,メラルバ,활화르바,燃燒蟲,燃烧虫
637,Volcarona,Ramoth,Pyrax,ウルガモス,불카모스,火神蛾,火神蛾
638,Cobalion,Kobalium,Cobaltium,コバルオン,코바르온,勾帕路翁,勾帕路翁
639,Terrakion,Terrakium,Terrakium,テラキオン,테라키온,代拉基翁,代拉基翁
640,Virizion,Viridium,Viridium,ビリジオン,비리디온,畢力吉翁,毕力吉翁
641,Tornadus,Boreos,Boréas,トルネロス,토네로스,龍捲雲,龙卷云
642,Thundurus,Voltolos,Fulguris,ボルトロス,볼트로스,雷電雲,雷电云
643,Reshiram,Reshiram,Reshiram,レシラム,레시라무,萊希拉姆,莱希拉姆
644,Zekrom,Zekrom,Zekrom,ゼクロム,제크로무,捷克羅姆,捷克罗姆
645,Landorus,Demeteros,Démétéros,ランドロス,랜드로스,土地雲,土地云
646,Kyurem,Kyurem,Kyurem,キュレム,큐레무,酋雷姆,酋雷姆
647,Keldeo,Keldeo,Keldeo,ケルディオ,케르디오,凱路迪歐,凯路迪欧
648,Meloetta,Meloetta,Meloetta,メロエッタ,메로엣타,美洛耶塔,美洛耶塔
649,Genesect,Genesect,Genesect,ゲノセクト,게노세크트,蓋諾賽克特,盖诺赛克特
650,Chespin,Igamaro,Marisson,ハリマロン,도치마론,哈力栗,哈力栗
651,Quilladin,Igastarnish,Boguérisse,ハリボーグ,도치보구,胖胖哈力,胖胖哈力
652,Chesnaught,Brigaron,Blindépique,ブリガロン,브리가론,布里卡隆,布里卡隆
653,Fennekin,Fynx,Feunnec,フォッコ,푸호꼬,火狐狸,火狐狸
654,Braixen,Rutena,Roussil,テールナー,테르나,長尾火狐,长尾火狐
655,Delphox,Fennexis,Goupelin,マフォクシー,마폭시,妖火紅狐,妖火红狐
656,Froakie,Froxy,Grenousse,ケロマツ,개구마르,呱呱泡蛙,呱呱泡蛙
657,Frogadier,Amphizel,Croâporal,ゲコガシラ,개굴반장,呱頭蛙,呱头蛙
658,Greninja,Quajutsu,Amphinobi,ゲッコウガ,개굴닌자,甲賀忍蛙,甲贺忍蛙
659,Bunnelby,Scoppel,Sapereau,ホルビー,파르빗,掘掘兔,掘掘兔
660,Diggersby,Grebbit,Excavarenne,ホルード,파르토,掘地兔,掘地兔
661,Fletchling,Dartiri,Passerouge,ヤヤコマ,화살꼬빈,小箭雀,小箭雀
662,Fletchinder,Dartignis,Braisillon,ヒノヤコマ,불화살빈,火箭雀,火箭雀
663,Talonflame,Fiaro,Flambusard,ファイアロー,파이어로,烈箭鷹,烈箭鹰
664,Scatterbug,Purmel,Lépidonille,コフキムシ,분이벌레,粉蝶蟲,粉蝶虫
665,Spewpa,Puponcho,Pérégrain,コフーライ,분떠도리,粉蝶蛹,粉蝶蛹
666,Vivillon,Vivillon,Prismillon,ビビヨン,비비용,彩粉蝶,彩粉蝶
667,Litleo,Leufeo,Hélionceau,シシコ,레오꼬,小獅獅,小狮狮
668,Pyroar,Pyroleo,Némélios,カエンジシ,화염레오,火炎獅,火炎狮
669,Flabébé,Flabébé,Flabébé,フラベベ,플라베베,花蓓蓓,花蓓蓓
670,Floette,Floette,Floette,フラエッテ,플라엣테,花葉蒂,花叶蒂
671,Florges,Florges,Florges,フラージェス,플라제스,花潔夫人,花洁夫人
672,Skiddo,Mähikel,Cabriolaine,メェークル,메이클,坐騎小羊,坐骑小羊
673,Gogoat,Chevrumm,Chevroum,ゴーゴート,고고트,坐騎山羊,坐骑山羊
674,Pancham,Pam-Pam,Pandespiègle,ヤンチャム,판짱,頑皮熊貓,顽皮熊猫
675,Pangoro,Pandagro,Pandarbare,ゴロンダ,부란다,流氓熊貓,流氓熊猫
676,Furfrou,Coiffwaff,Couafarel,トリミアン,트리미앙,多麗米亞,多丽米亚
677,Espurr,Psiau,Psystigri,ニャスパー,냐스퍼,妙喵,妙喵
678,Meowstic,Psiaugon,Mistigrix,ニャオニクス,냐오닉스,超能妙喵,超能妙喵
679,Honedge,Gramokles,Monorpale,ヒトツキ,단칼빙,獨劍鞘,独剑鞘
680,Doublade,Duokles,Dimoclès,ニダンギル,쌍검킬,雙劍鞘,双剑鞘
681,Aegislash,Durengard,Exagide,ギルガルド,킬가르도,堅盾劍怪,坚盾剑怪
682,Spritzee,Parfi,Fluvetin,シュシュプ,슈쁘,粉香香,粉香香
683,Aromatisse,Parfinesse,Cocotine,フレフワン,프레프티르,芳香精,芳香精
684,Swirlix,Flauschling,Sucroquin,ペロッパフ,나룸퍼프,綿綿泡芙,绵绵泡芙
685,Slurpuff,Sabbaione,Cupcanaille,ペロリーム,나루림,胖甜妮,胖甜妮
686,Inkay,Iscalar,Sepiatop,マーイーカ,오케이징,好啦魷,好啦鱿
687,Malamar,Calamanero,Sepiatroce,カラマネロ,칼라마네로,烏賊王,乌贼王
688,Binacle,Bithora,Opermine,カメテテ,거북손손,龜腳腳,龟脚脚
689,Barbaracle,Thanathora,Golgopathe,ガメノデス,거북손데스,龜足巨鎧,龟足巨铠
690,Skrelp,Algitt,Venalgue,クズモー,수레기,垃垃藻,垃垃藻
691,Dragalge,Tandrak,Kravarech,ドラミドロ,드래캄,毒藻龍,毒藻龙
692,Clauncher,Scampisto,Flingouste,ウデッポウ,완철포,鐵臂槍蝦,铁臂枪虾
693,Clawitzer,Wummer,Gamblast,ブロスター,블로스터,鋼炮臂蝦,钢炮臂虾
694,Helioptile,Eguana,Galvaran,エリキテル,목도리키텔,傘電蜥,伞电蜥
695,Heliolisk,Elezard,Iguolta,エレザード,일레도리자드,光電傘蜥,光电伞蜥
696,Tyrunt,Balgoras,Ptyranidur,チゴラス,티고라스,寶寶暴龍,宝宝暴龙
697,Tyrantrum,Monargoras,Rexillius,ガチゴラス,견고라스,怪顎龍,怪颚龙
698,Amaura,Amarino,Amagara,アマルス,아마루스,冰雪龍,冰雪龙
699,Aurorus,Amagarga,Dragmara,アマルルガ,아마루르가,冰雪巨龍,冰雪巨龙
700,Sylveon,Feelinara,Nymphali,ニンフィア,님피아,仙子伊布,仙子伊布
701,Hawlucha,Resladero,Brutalibré,ルチャブル,루차불,摔角鷹人,摔角鹰人
702,Dedenne,Dedenne,Dedenne,デデンネ,데덴네,咚咚鼠,咚咚鼠
703,Carbink,Rocara,Strassie,メレシー,멜리시,小碎鑽,小碎钻
704,Goomy,Viscora,Mucuscule,ヌメラ,미끄메라,黏黏寶,黏黏宝
705,Sliggoo,Viscargot,Colimucus,ヌメイル,미끄네일,黏美兒,黏美儿
706,Goodra,Viscogon,Muplodocus,ヌメルゴン,미끄래곤,黏美龍,黏美龙
707,Klefki,Clavion,Trousselin,クレッフィ,클레피,鑰圈兒,钥圈儿
708,Phantump,Paragoni,Brocélôme,ボクレー,나목령,小木靈,小木灵
709,Trevenant,Trombork,Desséliande,オーロット,대로트,朽木妖,朽木妖
710,Pumpkaboo,Irrbis,Pitrouille,バケッチャ,호바귀,南瓜精,南瓜精
711,Gourgeist,Pumpdjinn,Banshitrouye,パンプジン,펌킨인,南瓜怪人,南瓜怪人
712,Bergmite,Arktip,Grelaçon,カチコール,꽁어름,冰寶,冰宝
713,Avalugg,Arktilas,Séracrawl,クレベース,크레베이스,冰岩怪,冰岩怪
714,Noibat,eF-eM,Sonistrelle,オンバット,음뱃,嗡蝠,嗡蝠
715,Noivern,UHaFnir,Bruyverne,オンバーン,음번,音波龍,音波龙
716,Xerneas,Xerneas,Xerneas,ゼルネアス,제르네아스,哲爾尼亞斯,哲尔尼亚斯
717,Yveltal,Yveltal,Yveltal,イベルタル,이벨타르,伊裴爾塔爾,伊裴尔塔尔
718,Zygarde,Zygarde,Zygarde,ジガルデ,지가르데,基格爾德,基格尔德
719,Diancie,Diancie,Diancie,ディアンシー,디안시,蒂安希,蒂安希
720,Hoopa,Hoopa,Hoopa,フーパ,후파,胡帕,胡帕
721,Volcanion,Volcanion,Volcanion,ボルケニオン,볼케니온,波爾凱尼恩,波尔凯尼恩
722,Rowlet,Bauz,Brindibou,モクロー,나몰빼미,木木梟,木木枭
723,Dartrix,Arboretoss,Efflèche,フクスロー,빼미스로우,投羽梟,投羽枭
724,Decidueye,Silvarro,Archéduc,ジュナイパー,모크나이퍼,狙射樹梟,狙射树枭
725,Litten,Flamiau,Flamiaou,ニャビー,냐오불,火斑喵,火斑喵
726,Torracat,Miezunder,Matoufeu,ニャヒート,냐오히트,炎熱喵,炎热喵
727,Incineroar,Fuegro,Félinferno,ガオガエン,어흥염,熾焰咆哮虎,炽焰咆哮虎
728,Popplio,Robball,Otaquin,アシマリ,누리공,球球海獅,球球海狮
729,Brionne,Marikeck,Otarlette,オシャマリ,키요공,花漾海獅,花漾海狮
730,Primarina,Primarene,Oratoria,アシレーヌ,누리레느,西獅海壬,西狮海壬
731,Pikipek,Peppeck,Picassaut,ツツケラ,콕코구리,小篤兒,小笃儿
732,Trumbeak,Trompeck,Piclairon,ケララッパ,크라파,喇叭啄鳥,喇叭啄鸟
733,Toucannon,Tukanon,Bazoucan,ドデカバシ,왕큰부리,銃嘴大鳥,铳嘴大鸟
734,Yungoos,Mangunior,Manglouton,ヤングース,영구스,貓鼬少,猫鼬少
735,Gumshoos,Manguspektor,Argouste,デカグース,형사구스,貓鼬探長,猫鼬探长
736,Grubbin,Mabula,Larvibule,アゴジムシ,턱지충이,強顎雞母蟲,强颚鸡母虫
737,Charjabug,Akkup,Chrysapile,デンヂムシ,전지충이,蟲電寶,虫电宝
738,Vikavolt,Donarion,Lucanon,クワガノン,투구뿌논,鍬農炮蟲,锹农炮虫
739,Crabrawler,Krabbox,Crabagarre,マケンカニ,오기지게,好勝蟹,好胜蟹
740,Crabominable,Krawell,Crabominable,ケケンカニ,모단단게,好勝毛蟹,好胜毛蟹
741,Oricorio,Choreogel,Plumeline,オドリドリ,춤추새,花舞鳥,花舞鸟
742,Cutiefly,Wommel,Bombydou,アブリー,에블리,萌虻,萌虻
743,Ribombee,Bandelby,Rubombelle,アブリボン,에리본,蝶結萌虻,蝶结萌虻
744,Rockruff,Wuffels,Rocabot,イワンコ,암멍이,岩狗狗,岩狗狗
745,Lycanroc,Wolwerock,Lougaroc,ルガルガン,루가루암,鬃岩狼人,鬃岩狼人
746,Wishiwashi,Lusardin,Froussardine,ヨワシ,약어리,弱丁魚,弱丁鱼
747,Mareanie,Garstella,Vorastérie,ヒドイデ,시마사리,好壞星,好坏星
748,Toxapex,Aggrostella,Prédastérie,ドヒドイデ,더시마사리,超壞星,超坏星
749,Mudbray,Pampuli,Tiboudet,ドロバンコ,머드나기,泥驢仔,泥驴仔
750,Mudsdale,Pampross,Bourrinos,バンバドロ,만마드,重泥挽馬,重泥挽马
751,Dewpider,Araqua,Araqua,シズクモ,물거미,滴蛛,滴蛛
752,Araquanid,Aranestro,Tarenbulle,オニシズクモ,깨비물거미,滴蛛霸,滴蛛霸
753,Fomantis,Imantis,Mimantis,カリキリ,짜랑랑,偽螳草,伪螳草
754,Lurantis,Mantidea,Floramantis,ラランテス,라란티스,蘭螳花,兰螳花
755,Morelull,Bubungus,Spododo,ネマシュ,자마슈,睡睡菇,睡睡菇
756,Shiinotic,Lamellux,Lampignon,マシェード,마셰이드,燈罩夜菇,灯罩夜菇
757,Salandit,Molunk,Tritox,ヤトウモリ,야도뇽,夜盜火蜥,夜盗火蜥
758,Salazzle,Amfira,Malamandre,エンニュート,염뉴트,焰后蜥,焰后蜥
759,Stufful,Velursi,Nounourson,ヌイコグマ,포곰곰,童偶熊,童偶熊
760,Bewear,Kosturso,Chelours,キテルグマ,이븐곰,穿著熊,穿着熊
761,Bounsweet,Frubberl,Croquine,アマカジ,달콤아,甜竹竹,甜竹竹
762,Steenee,Frubaila,Candine,アママイコ,달무리나,甜舞妮,甜舞妮
763,Tsareena,Fruyal,Sucreine,アマージョ,달코퀸,甜冷美后,甜冷美后
764,Comfey,Curelei,Guérilande,キュワワー,큐아링,花療環環,花疗环环
765,Oranguru,Kommandutan,Gouroutan,ヤレユータン,하랑우탄,智揮猩,智挥猩
766,Passimian,Quartermak,Quartermac,ナゲツケサル,내던숭이,投擲猴,投掷猴
767,Wimpod,Reißlaus,Sovkipou,コソクムシ,꼬시레,膽小蟲,胆小虫
768,Golisopod,Tectass,Sarmuraï,グソクムシャ,갑주무사,具甲武者,具甲武者
769,Sandygast,Sankabuh,Bacabouh,スナバァ,모래꿍,沙丘娃,沙丘娃
770,Palossand,Colossand,Trépassable,シロデスナ,모래성이당,噬沙堡爺,噬沙堡爷
771,Pyukumuku,Gufa,Concombaffe,ナマコブシ,해무기,拳海參,拳海參
772,Type: Null,Typ:Null,Type:0,タイプ：ヌル,타입:널,屬性：空,属性：空
773,Silvally,Amigento,Silvallié,シルヴァディ,실버디,銀伴戰獸,银伴战兽
774,Minior,Meteno,Météno,メテノ,메테노,小隕星,小陨星
775,Komala,Koalelu,Dodoala,ネッコアラ,자말라,樹枕尾熊,树枕尾熊
776,Turtonator,Tortunator,Boumata,バクガメス,폭거북스,爆焰龜獸,爆焰龟兽
777,Togedemaru,Togedemaru,Togedemaru,トゲデマル,토게데마루,托戈德瑪爾,托戈德玛尔
778,Mimikyu,Mimigma,Mimiqui,ミミッキュ,따라큐,謎擬Ｑ,谜拟Ｑ
779,Bruxish,Knirfish,Denticrisse,ハギギシリ,치갈기,磨牙彩皮魚,磨牙彩皮鱼
780,Drampa,Sen-Long,Draïeul,ジジーロン,할비롱,老翁龍,老翁龙
781,Dhelmise,Moruda,Sinistrail,ダダリン,타타륜,破破舵輪,破破舵轮
782,Jangmo-o,Miniras,Bébécaille,ジャラコ,짜랑꼬,心鱗寶,心鳞宝
783,Hakamo-o,Mediras,Écaïd,ジャランゴ,짜랑고우,鱗甲龍,鳞甲龙
784,Kommo-o,Grandiras,Ékaïser,ジャラランガ,짜랑고우거,杖尾鱗甲龍,杖尾鳞甲龙
785,Tapu Koko,Kapu-Riki,Tokorico,カプ・コケコ,카푸꼬꼬꼭,卡璞・鳴鳴,卡璞・鸣鸣
786,Tapu Lele,Kapu-Fala,Tokopiyon,カプ・テテフ,카푸나비나,卡璞・蝶蝶,卡璞・蝶蝶
787,Tapu Bulu,Kapu-Toro,Tokotoro,カプ・ブルル,카푸브루루,卡璞・哞哞,卡璞・哞哞
788,Tapu Fini,Kapu-Kime,Tokopisco,カプ・レヒレ,카푸느지느,卡璞・鰭鰭,卡璞・鳍鳍
789,Cosmog,Cosmog,Cosmog,コスモッグ,코스모그,科斯莫古,科斯莫古
790,Cosmoem,Cosmovum,Cosmovum,コスモウム,코스모움,科斯莫姆,科斯莫姆
791,Solgaleo,Solgaleo,Solgaleo,ソルガレオ,솔가레오,索爾迦雷歐,索尔迦雷欧
792,Lunala,Lunala,Lunala,ルナアーラ,루나아라,露奈雅拉,露奈雅拉
793,Nihilego,Anego,Zéroïd,ウツロイド,텅비드,虛吾伊德,虚吾伊德
794,Buzzwole,Masskito,Mouscoto,マッシブーン,매시붕,爆肌蚊,爆肌蚊
795,Pheromosa,Schabelle,Cancrelove,フェローチェ,페로코체,費洛美螂,费洛美螂
796,Xurkitree,Voltriant,Câblifère,デンジュモク,전수목,電束木,电束木
797,Celesteela,Kaguron,Bamboiselle,テッカグヤ,철화구야,鐵火輝夜,铁火辉夜
798,Kartana,Katagami,Katagami,カミツルギ,종이신도,紙禦劍,纸御剑
799,Guzzlord,Schlingking,Engloutyran,アクジキング,악식킹,惡食大王,恶食大王
800,Necrozma,Necrozma,Necrozma,ネクロズマ,네크로즈마,奈克洛茲瑪,奈克洛兹玛
801,Magearna,Magearna,Magearna,マギアナ,마기아나,瑪機雅娜,玛机雅娜
802,Marshadow,Marshadow,Marshadow,マーシャドー,마샤도,瑪夏多,玛夏多
803,Poipole,Venicro,Vémini,ベベノム,베베놈,毒貝比,毒贝比
804,Naganadel,Agoyon,Mandrillon,アーゴヨン,아고용,四顎針龍,四颚针龙
805,Stakataka,Muramura,Ama-Ama,ツンデツンデ,차곡차곡,壘磊石,垒磊石
806,Blacephalon,Kopplosio,Pierroteknik,ズガドーン,두파팡,砰頭小丑,砰头小丑
807,Zeraora,Zeraora,Zeraora,ゼラオラ,제라오라,捷拉奧拉,捷拉奥拉
808,Meltan,Meltan,Meltan,メルタン,멜탄,美錄坦,美录坦
809,Melmetal,Melmetal,Melmetal,メルメタル,멜메탈,美錄梅塔,美录梅塔
810,Grookey,Chimpep,Ouistempo,サルノリ,흥나숭,敲音猴,敲音猴
811,Thwackey,Chimstix,Badabouin,バチンキー,채키몽,啪咚猴,啪咚猴
812,Rillaboom,Gortrom,Gorythmic,ゴリランダー,고릴타,轟擂金剛猩,轰擂金刚猩
813,Scorbunny,Hopplo,Flambino,ヒバニー,염버니,炎兔兒,炎兔儿
814,Raboot,Kickerlo,Lapyro,ラビフット,래비풋,騰蹴小將,腾蹴小将
815,Cinderace,Liberlo,Pyrobut,エースバーン,에이스번,閃焰王牌,闪焰王牌
816,Sobble,Memmeon,Larméléon,メッソン,울머기,淚眼蜥,泪眼蜥
817,Drizzile,Phlegleon,Arrozard,ジメレオン,누겔레온,變澀蜥,变涩蜥
818,Inteleon,Intelleon,Lézargus,インテレオン,인텔리레온,千面避役,千面避役
819,Skwovet,Raffel,Rongourmand,ホシガリス,탐리스,貪心栗鼠,贪心栗鼠
820,Greedent,Schlaraffel,Rongrigou,ヨクバリス,요씽리스,藏飽栗鼠,藏饱栗鼠
821,Rookidee,Meikro,Minisange,ココガラ,파라꼬,稚山雀,稚山雀
822,Corvisquire,Kranoviz,Bleuseille,アオガラス,파크로우,藍鴉,蓝鸦
823,Corviknight,Krarmor,Corvaillus,アーマーガア,아머까오,鋼鎧鴉,钢铠鸦
824,Blipbug,Sensect,Larvadar,サッチムシ,두루지벌레,索偵蟲,索侦虫
825,Dottler,Keradar,Coléodôme,レドームシ,레돔벌레,天罩蟲,天罩虫
826,Orbeetle,Maritellit,Astronelle,イオルブ,이올브,以歐路普,以欧路普
827,Nickit,Kleptifux,Goupilou,クスネ,훔처우,偷兒狐,偷儿狐
828,Thievul,Gaunux,Roublenard,フォクスライ,폭슬라이,狐大盜,狐大盗
829,Gossifleur,Cottini,Tournicoton,ヒメンカ,꼬모카,幼棉棉,幼棉棉
830,Eldegoss,Cottomi,Blancoton,ワタシラガ,백솜모카,白蓬蓬,白蓬蓬
831,Wooloo,Wolly,Moumouton,ウールー,우르,毛辮羊,毛辫羊
832,Dubwool,Zwollock,Moumouflon,バイウールー,배우르,毛毛角羊,毛毛角羊
833,Chewtle,Kamehaps,Khélocrok,カムカメ,깨물부기,咬咬龜,咬咬龟
834,Drednaw,Kamalm,Torgamord,カジリガメ,갈가부기,暴噬龜,暴噬龟
835,Yamper,Voldi,Voltoutou,ワンパチ,멍파치,來電汪,来电汪
836,Boltund,Bellektro,Fulgudog,パルスワン,펄스멍,逐電犬,逐电犬
837,Rolycoly,Klonkett,Charbi,タンドン,탄동,小炭仔,小炭仔
838,Carkol,Wagong,Wagomine,トロッゴン,탄차곤,大炭車,大炭车
839,Coalossal,Montecarbo,Monthracite,セキタンザン,석탄산,巨炭山,巨炭山
840,Applin,Knapfel,Verpom,カジッチュ,과사삭벌레,啃果蟲,啃果虫
841,Flapple,Drapfel,Pomdrapi,アップリュー,애프룡,蘋裹龍,苹裹龙
842,Appletun,Schlapfel,Dratatin,タルップル,단지래플,豐蜜龍,丰蜜龙
843,Silicobra,Salanga,Dunaja,スナヘビ,모래뱀,沙包蛇,沙包蛇
844,Sandaconda,Sanaconda,Dunaconda,サダイジャ,사다이사,沙螺蟒,沙螺蟒
845,Cramorant,Urgl,Nigosier,ウッウ,윽우지,古月鳥,古月鸟
846,Arrokuda,Pikuda,Embrochet,サシカマス,찌로꼬치,刺梭魚,刺梭鱼
847,Barraskewda,Barrakiefa,Hastacuda,カマスジョー,꼬치조,戽斗尖梭,戽斗尖梭
848,Toxel,Toxel,Toxizap,エレズン,일레즌,毒電嬰,毒电婴
849,Toxtricity,Riffex,Salarsen,ストリンダー,스트린더,顫弦蠑螈,颤弦蝾螈
850,Sizzlipede,Thermopod,Grillepattes,ヤクデ,태우지네,燒火蚣,烧火蚣
851,Centiskorch,Infernopod,Centiskorch,マルヤクデ,다태우지네,焚焰蚣,焚焰蚣
852,Clobbopus,Klopptopus,Poulpaf,タタッコ,때때무노,拳拳蛸,拳拳蛸
853,Grapploct,Kaocto,Krakos,オトスパス,케오퍼스,八爪武師,八爪武师
854,Sinistea,Fatalitee,Théffroi,ヤバチャ,데인차,來悲茶,来悲茶
855,Polteageist,Mortipot,Polthégeist,ポットデス,포트데스,怖思壺,怖思壶
856,Hatenna,Brimova,Bibichut,ミブリム,몸지브림,迷布莉姆,迷布莉姆
857,Hattrem,Brimano,Chapotus,テブリム,손지브림,提布莉姆,提布莉姆
858,Hatterene,Silembrim,Sorcilence,ブリムオン,브리무음,布莉姆溫,布莉姆温
859,Impidimp,Bähmon,Grimalin,ベロバー,메롱꿍,搗蛋小妖,捣蛋小妖
860,Morgrem,Pelzebub,Fourbelin,ギモー,쏘겨모,詐唬魔,诈唬魔
861,Grimmsnarl,Olangaar,Angoliath,オーロンゲ,오롱털,長毛巨魔,长毛巨魔
862,Obstagoon,Barrikadax,Ixon,タチフサグマ,가로막구리,堵攔熊,堵拦熊
863,Perrserker,Mauzinger,Berserkatt,ニャイキング,나이킹,喵頭目,喵头目
864,Cursola,Gorgasonn,Corayôme,サニゴーン,산호르곤,魔靈珊瑚,魔灵珊瑚
865,Sirfetch’d,Lauchzelot,Palarticho,ネギガナイト,창파나이트,蔥遊兵,葱游兵
866,Mr. Rime,Pantifrost,M. Glaquette,バリコオル,마임꽁꽁,踏冰人偶,踏冰人偶
867,Runerigus,Oghnatoll,Tutétékri,デスバーン,데스판,死神板,死神板
868,Milcery,Hokumil,Crèmy,マホミル,마빌크,小仙奶,小仙奶
869,Alcremie,Pokusan,Charmilly,マホイップ,마휘핑,霜奶仙,霜奶仙
870,Falinks,Legios,Hexadron,タイレーツ,대여르,列陣兵,列阵兵
871,Pincurchin,Britzigel,Wattapik,バチンウニ,찌르성게,啪嚓海膽,啪嚓海胆
872,Snom,Snomnom,Frissonille,ユキハミ,누니머기,雪吞蟲,雪吞虫
873,Frosmoth,Mottineva,Beldeneige,モスノウ,모스노우,雪絨蛾,雪绒蛾
874,Stonjourner,Humanolith,Dolman,イシヘンジン,돌헨진,巨石丁,巨石丁
875,Eiscue,Kubuin,Bekaglaçon,コオリッポ,빙큐보,冰砌鵝,冰砌鹅
876,Indeedee,Servol,Wimessir,イエッサン,에써르,愛管侍,爱管侍
877,Morpeko,Morpeko,Morpeko,モルペコ,모르페코,莫魯貝可,莫鲁贝可
878,Cufant,Kupfanti,Charibari,ゾウドウ,끼리동,銅象,铜象
879,Copperajah,Patinaraja,Pachyradjah,ダイオウドウ,대왕끼리동,大王銅象,大王铜象
880,Dracozolt,Lectragon,Galvagon,パッチラゴン,파치래곤,雷鳥龍,雷鸟龙
881,Arctozolt,Lecryodon,Galvagla,パッチルドン,파치르돈,雷鳥海獸,雷鸟海兽
882,Dracovish,Pescragon,Hydragon,ウオノラゴン,어래곤,鰓魚龍,鳃鱼龙
883,Arctovish,Pescryodon,Hydragla,ウオチルドン,어치르돈,鰓魚海獸,鳃鱼海兽
884,Duraludon,Duraludon,Duralugon,ジュラルドン,두랄루돈,鋁鋼龍,铝钢龙
885,Dreepy,Grolldra,Fantyrm,ドラメシヤ,드라꼰,多龍梅西亞,多龙梅西亚
886,Drakloak,Phandra,Dispareptil,ドロンチ,드래런치,多龍奇,多龙奇
887,Dragapult,Katapuldra,Lanssorien,ドラパルト,드래펄트,多龍巴魯托,多龙巴鲁托
888,Zacian,Zacian,Zacian,ザシアン,자시안,蒼響,苍响
889,Zamazenta,Zamazenta,Zamazenta,ザマゼンタ,자마젠타,藏瑪然特,藏玛然特
890,Eternatus,Endynalos,Éthernatos,ムゲンダイナ,무한다이노,無極汰那,无极汰那
891,Kubfu,Dakuma,Wushours,ダクマ,치고마,熊徒弟,熊徒弟
892,Urshifu,Wulaosu,Shifours,ウーラオス,우라오스,武道熊師,武道熊师
893,Zarude,Zarude,Zarude,ザルード,자루도,薩戮德,萨戮德
894,Regieleki,Regieleki,Regieleki,レジエレキ,레지에레키,雷吉艾勒奇,雷吉艾勒奇
895,Regidrago,Regidrago,Regidrago,レジドラゴ,레지드래고,雷吉鐸拉戈,雷吉铎拉戈
896,Glastrier,Polaross,Blizzeval,ブリザポス,블리자포스,雪暴馬,雪暴马
897,Spectrier,Phantoross,Spectreval,レイスポス,레이스포스,靈幽馬,灵幽马
898,Calyrex,Coronospa,Sylveroy,バドレックス,버드렉스,蕾冠王,蕾冠王
